Content,Topic
"Acids and bases were interesting, but I had trouble with the calculations.",Chemistry
"Atomic structure was tricky, but I loved the animations explaining electron behavior.",Chemistry
"Botany was great, especially learning about plant biology and how it applies to agriculture.",Biology
"Chemical bonding was hard, but once I got the hang of it, it made sense.",Chemistry
"Chemical reactions were fun, I liked predicting the products and balancing equations.",Chemistry
Ecology was my favorite; I enjoyed learning about ecosystems and environmental balance.,Biology
"Electrochemistry was one of my favorite topics, especially the lab experiments.",Chemistry
"Electromagnetism was hard at first, but the visual aids helped a lot.",Physics
"Genetics was really interesting, especially the discussions about DNA.",Biology
"Human anatomy was a bit overwhelming, but the practical labs were really helpful.",Biology
"I enjoyed learning about the periodic table, especially how it organizes elements logically.",Chemistry
"I loved learning about Newton's laws, especially how they apply to everyday life.",Physics
"I struggled with microorganisms at first, but the hands-on experiments clarified things.",Biology
Kinematics was so much fun! I enjoyed solving the motion problems.,Physics
Learning about evolution made me think about the complexity of life differently.,Biology
"Learning about gravitational forces was interesting, especially the space-related examples.",Physics
Optics was one of my favorite topics; the practical experiments were really engaging.,Physics
"Organic chemistry was difficult, but the real-world examples made it easier to grasp.",Chemistry
"Photosynthesis was tough at first, but the visual models helped a lot.",Biology
"Relativity felt abstract, but the professor made it relatable with examples from modern technology.",Physics
"Stoichiometry was tough at first, but with practice, it became much clearer.",Chemistry
"The cell structure class was really informative, and I enjoyed the diagrams.",Biology
"The concept of equilibrium in reactions was complex, but the exercises helped solidify my understanding.",Chemistry
The explanation of quantum mechanics was really challenging but rewarding once I understood it.,Physics
The immune system lectures were fascinating; I learned a lot about how our bodies fight diseases.,Biology
"The lecture on nuclear physics was fascinating, but I wish we had more time for practice.",Physics
"Thermochemistry was challenging, but I enjoyed the energy concepts we covered.",Chemistry
"Thermodynamics was tough, but the problem-solving sessions were really useful.",Physics
"Wave-particle duality was a bit confusing, but it started to make sense during the class discussion.",Physics
"Zoology was really fun, I loved learning about animal behavior and classification.",Biology
Acids and Bases was difficult but made sense after practice with pH levels.,Chemistry
Atomic Structure was interesting but the quantum numbers were hard to understand.,Chemistry
Cell Structure was fundamental but a bit dry to learn.,Biology
Chemical Bonding made me think deeply about molecular interactions.,Chemistry
Circular Motion had many formulas but was manageable with practice.,Physics
Ecology was enjoyable because of the real-world examples in nature.,Biology
"Electric Circuits were hard at first, but once I understood it, I loved it.",Physics
Electrochemistry had a lot of equations but was enjoyable with practical examples.,Chemistry
Electromagnetism had many complex equations that were hard to grasp.,Physics
Evolution made me rethink life and species on Earth in a profound way.,Biology
"Genetics was exciting, especially understanding DNA and heredity.",Biology
Human Anatomy was overwhelming with the amount of information.,Biology
I found Newton's Laws of Motion challenging but rewarding after practice.,Physics
Immunology was interesting but had a lot of new terminology to remember.,Biology
Inorganic Chemistry felt easier than organic but still challenging.,Chemistry
Kinematics helped me understand motion in a whole new way.,Physics
Kinetics helped me see how fast reactions happen and was very engaging.,Chemistry
Molecular Biology was intense but explained the basics of life.,Biology
Nuclear Chemistry was fascinating but also a little scary to learn about.,Chemistry
"Optics was fun, especially when learning about lenses and mirrors.",Physics
Organic Chemistry was hard with all the reaction mechanisms we had to memorize.,Chemistry
Photosynthesis was tricky to memorize but made sense after diagrams.,Biology
"Plant Physiology was tough but fascinating, especially the mechanisms of growth.",Biology
Quantum Mechanics felt quite abstract and difficult to visualize.,Physics
Relativity was fascinating and made me think about time and space differently.,Physics
"Stoichiometry involved a lot of calculations, but I liked the problem-solving aspect.",Chemistry
Thermochemistry required understanding of heat and energy in reactions.,Chemistry
Thermodynamics was interesting but required a lot of attention to detail.,Physics
Waves and Oscillations were difficult but had practical applications.,Physics
Zoology was fun because we learned about different animals.,Biology
Understanding how chemical bonds form and break in bonding was tricky but rewarding.,Chemistry
The various types of bacteria in microbiology are fascinating.,Biology
"I found electromagnetism challenging, but I loved the experiments with magnets.",Physics
"Thermochemistry was tough, but the calculations eventually made sense.",Chemistry
"Kinematics was pretty straightforward, especially with the practical demonstrations.",Physics
Learning about the human body in anatomy was super interesting.,Biology
"Relativity blew my mind, I never thought time could be relative!",Physics
"Inorganic chemistry was quite theoretical, but I managed to grasp the concepts.",Chemistry
"The electrochemical cells in electrochemistry were very cool, especially seeing reactions in action.",Chemistry
The theory of evolution helped me understand the diversity of life.,Biology
"Physical chemistry has a lot of math, but it's rewarding to understand the behavior of molecules.",Chemistry
The light refraction experiments in optics were very cool!,Physics
The equations in quantum mechanics are difficult but fascinating.,Physics
"I loved organic chemistry, especially the reactions between different compounds.",Chemistry
Ecology made me realize the importance of maintaining biodiversity.,Biology
"Biochemistry is a challenging subject, but it's amazing how chemistry governs biology.",Chemistry
"Botany was a little dry, but I learned a lot about plants.",Biology
"Thermodynamics is a bit abstract, but the real-world applications are interesting.",Physics
Zoology taught me so much about the different species and their habitats.,Biology
Cell biology gave me a new perspective on how life functions at the microscopic level.,Biology
The titration experiment in analytical chemistry was my favorite lab activity.,Chemistry
Fluid dynamics in the context of airflows was something I never considered before.,Physics
Newton's laws make a lot of sense after the practical lab.,Physics
"Genetics was challenging, but learning about DNA is really exciting.",Biology
Evolution helped me appreciate the diversity of life on Earth.,Biology
"The equations in Biochemistry were challenging, but once I got them, they made sense.",Chemistry
"Studying Acoustics was enlightening, as it touches on fundamental principles of nature.",Physics
"The principles in Quantum Chemistry were difficult, but they explain a lot about chemical bonds.",Chemistry
"I found Genetics challenging, but it deepened my understanding of biological systems.",Biology
Analytical Chemistry helped me understand the composition of matter and how it interacts.,Chemistry
"The concepts in Particle Physics were tough at first, but it all makes sense after studying.",Physics
Anatomy introduced me to the microscopic world that I never knew existed.,Biology
I enjoyed Physiology because it made me understand how living organisms function.,Biology
Particle Physics helped me appreciate the laws governing energy and motion.,Physics
"I found Cell Biology really engaging, especially when learning about ecosystems.",Biology
Optics is a core area of physics that ties into many other topics.,Physics
"Studying Inorganic Chemistry was tough, but it provided me with a deeper understanding of chemical processes.",Chemistry
"Studying Fluid Dynamics was enlightening, as it touches on fundamental principles of nature.",Physics
I found Thermochemistry to be an intriguing subject that connects with many real-world applications.,Chemistry
"The equations in Organic Chemistry were challenging, but once I got them, they made sense.",Chemistry
Thermodynamics is a core area of physics that ties into many other topics.,Physics
"Learning about Classical Mechanics was fascinating, especially how it applies to real-world phenomena.",Physics
Inorganic Chemistry gave me the skills to analyze different chemical compounds.,Chemistry
"Learning about Quantum Mechanics was fascinating, especially how it applies to real-world phenomena.",Physics
The study of Ecology made me curious about how the body defends itself against diseases.,Biology
"I found Zoology challenging, but it deepened my understanding of biological systems.",Biology
Relativity is a core area of physics that ties into many other topics.,Physics
Optics helped me appreciate the laws governing energy and motion.,Physics
Quantum Chemistry opened my eyes to how chemical reactions drive the physical world.,Chemistry
"The concepts in Classical Mechanics were tough at first, but it all makes sense after studying.",Physics
"The principles in Analytical Chemistry were difficult, but they explain a lot about chemical bonds.",Chemistry
"I found Ecology really engaging, especially when learning about ecosystems.",Biology
Acoustics helped me appreciate the laws governing energy and motion.,Physics
Botany introduced me to the microscopic world that I never knew existed.,Biology
"I found Microbiology challenging, but it deepened my understanding of biological systems.",Biology
"The concepts in Thermodynamics were tough at first, but it all makes sense after studying.",Physics
"I found Immunology challenging, but it deepened my understanding of biological systems.",Biology
"Studying Optics was enlightening, as it touches on fundamental principles of nature.",Physics
I enjoyed Relativity because it connects theory with practical applications.,Physics
Cell Biology introduced me to the microscopic world that I never knew existed.,Biology
I found Environmental Chemistry to be an intriguing subject that connects with many real-world applications.,Chemistry
"I found Ecology challenging, but it deepened my understanding of biological systems.",Biology
"Studying Electromagnetism was enlightening, as it touches on fundamental principles of nature.",Physics
"I found Quantum Mechanics difficult, but the experiments helped me understand it better.",Physics
"The principles in Electrochemistry were difficult, but they explain a lot about chemical bonds.",Chemistry
"Studying Physical Chemistry was tough, but it provided me with a deeper understanding of chemical processes.",Chemistry
Ecology showed me how all living organisms are interconnected.,Biology
The topic of Immunology is essential to understanding human and animal anatomy.,Biology
Classical Mechanics helped me appreciate the laws governing energy and motion.,Physics
Anatomy gave me insight into the basic building blocks of life.,Biology
"I found Fluid Dynamics difficult, but the experiments helped me understand it better.",Physics
I enjoyed learning about Physical Chemistry because it ties chemistry with biology.,Chemistry
Organic Chemistry helped me understand the composition of matter and how it interacts.,Chemistry
"I found Botany really engaging, especially when learning about ecosystems.",Biology
I enjoyed Nuclear Physics because it connects theory with practical applications.,Physics
Physiology gave me insight into the basic building blocks of life.,Biology
"Learning about Environmental Chemistry was rewarding, especially in terms of understanding molecules.",Chemistry
Nuclear Physics helped me appreciate the laws governing energy and motion.,Physics
I enjoyed Zoology because it made me understand how living organisms function.,Biology
The reactions in Organic Chemistry were challenging but made me think critically.,Chemistry
Cell Biology showed me how all living organisms are interconnected.,Biology
The topic of Particle Physics is a bit challenging but really rewarding once you understand it.,Physics
I found Organic Chemistry to be an intriguing subject that connects with many real-world applications.,Chemistry
"Studying Particle Physics was enlightening, as it touches on fundamental principles of nature.",Physics
The reactions in Inorganic Chemistry were challenging but made me think critically.,Chemistry
The topic of Anatomy is essential to understanding human and animal anatomy.,Biology
"Studying Evolution was eye-opening, especially in terms of evolutionary processes.",Biology
I enjoyed Ecology because it made me understand how living organisms function.,Biology
Genetics helped me appreciate the diversity of life on Earth.,Biology
Anatomy showed me how all living organisms are interconnected.,Biology
"Learning about Thermodynamics was fascinating, especially how it applies to real-world phenomena.",Physics
Anatomy helped me appreciate the diversity of life on Earth.,Biology
Environmental Chemistry gave me the skills to analyze different chemical compounds.,Chemistry
Ecology helped me appreciate the diversity of life on Earth.,Biology
I find Classical Mechanics really interesting because it explains how forces work in everyday life.,Physics
Botany gave me insight into the basic building blocks of life.,Biology
I find Electromagnetism really interesting because it explains how forces work in everyday life.,Physics
"Studying Biochemistry was tough, but it provided me with a deeper understanding of chemical processes.",Chemistry
The topic of Ecology is essential to understanding human and animal anatomy.,Biology
"Studying Microbiology was eye-opening, especially in terms of evolutionary processes.",Biology
"The concepts in Electromagnetism were tough at first, but it all makes sense after studying.",Physics
"Studying Environmental Chemistry was tough, but it provided me with a deeper understanding of chemical processes.",Chemistry
I enjoyed learning about Inorganic Chemistry because it ties chemistry with biology.,Chemistry
Relativity helped me appreciate the laws governing energy and motion.,Physics
"The equations in Physical Chemistry were challenging, but once I got them, they made sense.",Chemistry
"Learning about Electrochemistry was rewarding, especially in terms of understanding molecules.",Chemistry
I enjoyed Thermodynamics because it connects theory with practical applications.,Physics
"Learning about Biochemistry was rewarding, especially in terms of understanding molecules.",Chemistry
"I found Classical Mechanics difficult, but the experiments helped me understand it better.",Physics
Biochemistry helped me understand the composition of matter and how it interacts.,Chemistry
I find Thermodynamics really interesting because it explains how forces work in everyday life.,Physics
The study of Microbiology made me curious about how the body defends itself against diseases.,Biology
Microbiology gave me insight into the basic building blocks of life.,Biology
I find Nuclear Physics really interesting because it explains how forces work in everyday life.,Physics
The study of Immunology made me curious about how the body defends itself against diseases.,Biology
Understanding Nuclear Physics gave me a better perspective on how the universe operates.,Physics
Fluid Dynamics is a core area of physics that ties into many other topics.,Physics
"I found Nuclear Physics difficult, but the experiments helped me understand it better.",Physics
I find Acoustics really interesting because it explains how forces work in everyday life.,Physics
"The principles in Environmental Chemistry were difficult, but they explain a lot about chemical bonds.",Chemistry
I enjoyed Fluid Dynamics because it connects theory with practical applications.,Physics
The topic of Acoustics is a bit challenging but really rewarding once you understand it.,Physics
The topic of Electromagnetism is a bit challenging but really rewarding once you understand it.,Physics
I enjoyed Botany because it made me understand how living organisms function.,Biology
I found Biochemistry to be an intriguing subject that connects with many real-world applications.,Chemistry
Electromagnetism is a core area of physics that ties into many other topics.,Physics
"Learning about Optics was fascinating, especially how it applies to real-world phenomena.",Physics
"The principles in Thermochemistry were difficult, but they explain a lot about chemical bonds.",Chemistry
Evolution introduced me to the microscopic world that I never knew existed.,Biology
"Learning about Acoustics was fascinating, especially how it applies to real-world phenomena.",Physics
Understanding Acoustics gave me a better perspective on how the universe operates.,Physics
"I found Cell Biology challenging, but it deepened my understanding of biological systems.",Biology
Electromagnetism helped me appreciate the laws governing energy and motion.,Physics
Ecology introduced me to the microscopic world that I never knew existed.,Biology
"I found Physiology challenging, but it deepened my understanding of biological systems.",Biology
"I found Zoology really engaging, especially when learning about ecosystems.",Biology
Electrochemistry opened my eyes to how chemical reactions drive the physical world.,Chemistry
"The concepts in Optics were tough at first, but it all makes sense after studying.",Physics
Inorganic Chemistry helped me understand the composition of matter and how it interacts.,Chemistry
Zoology showed me how all living organisms are interconnected.,Biology
I enjoyed Cell Biology because it made me understand how living organisms function.,Biology
Organic Chemistry gave me the skills to analyze different chemical compounds.,Chemistry
"Studying Classical Mechanics was enlightening, as it touches on fundamental principles of nature.",Physics
Nuclear Physics is a core area of physics that ties into many other topics.,Physics
"Studying Cell Biology was eye-opening, especially in terms of evolutionary processes.",Biology
I enjoyed Acoustics because it connects theory with practical applications.,Physics
The reactions in Analytical Chemistry were challenging but made me think critically.,Chemistry
Thermochemistry helped me understand the composition of matter and how it interacts.,Chemistry
"Studying Organic Chemistry was tough, but it provided me with a deeper understanding of chemical processes.",Chemistry
"The concepts in Relativity were tough at first, but it all makes sense after studying.",Physics
Polymer Chemistry helped me understand the composition of matter and how it interacts.,Chemistry
"Learning about Relativity was fascinating, especially how it applies to real-world phenomena.",Physics
Quantum Chemistry gave me the skills to analyze different chemical compounds.,Chemistry
The topic of Classical Mechanics is a bit challenging but really rewarding once you understand it.,Physics
"Studying Quantum Chemistry was tough, but it provided me with a deeper understanding of chemical processes.",Chemistry
The study of Physiology made me curious about how the body defends itself against diseases.,Biology
"Studying Immunology was eye-opening, especially in terms of evolutionary processes.",Biology
The reactions in Thermochemistry were challenging but made me think critically.,Chemistry
"The equations in Environmental Chemistry were challenging, but once I got them, they made sense.",Chemistry
"I found Anatomy challenging, but it deepened my understanding of biological systems.",Biology
Understanding Fluid Dynamics gave me a better perspective on how the universe operates.,Physics
"Studying Electrochemistry was tough, but it provided me with a deeper understanding of chemical processes.",Chemistry
Genetics introduced me to the microscopic world that I never knew existed.,Biology
Understanding Thermodynamics gave me a better perspective on how the universe operates.,Physics
Botany helped me appreciate the diversity of life on Earth.,Biology
"Learning about Nuclear Physics was fascinating, especially how it applies to real-world phenomena.",Physics
I enjoyed learning about Organic Chemistry because it ties chemistry with biology.,Chemistry
The study of Botany made me curious about how the body defends itself against diseases.,Biology
The study of Cell Biology made me curious about how the body defends itself against diseases.,Biology
I enjoyed Classical Mechanics because it connects theory with practical applications.,Physics
I find Optics really interesting because it explains how forces work in everyday life.,Physics
Genetics showed me how all living organisms are interconnected.,Biology
Microbiology introduced me to the microscopic world that I never knew existed.,Biology
"The principles in Biochemistry were difficult, but they explain a lot about chemical bonds.",Chemistry
The topic of Botany is essential to understanding human and animal anatomy.,Biology
I enjoyed Optics because it connects theory with practical applications.,Physics
Immunology showed me how all living organisms are interconnected.,Biology
"Learning about Electromagnetism was fascinating, especially how it applies to real-world phenomena.",Physics
Particle Physics is a core area of physics that ties into many other topics.,Physics
Electrochemistry helped me understand the composition of matter and how it interacts.,Chemistry
I found Quantum Chemistry to be an intriguing subject that connects with many real-world applications.,Chemistry
"Learning about Polymer Chemistry was rewarding, especially in terms of understanding molecules.",Chemistry
"Learning about Organic Chemistry was rewarding, especially in terms of understanding molecules.",Chemistry
I enjoyed Immunology because it made me understand how living organisms function.,Biology
Cell Biology gave me insight into the basic building blocks of life.,Biology
I find Relativity really interesting because it explains how forces work in everyday life.,Physics
"Studying Ecology was eye-opening, especially in terms of evolutionary processes.",Biology
"I found Electromagnetism difficult, but the experiments helped me understand it better.",Physics
"Studying Botany was eye-opening, especially in terms of evolutionary processes.",Biology
The reactions in Biochemistry were challenging but made me think critically.,Chemistry
I enjoyed Microbiology because it made me understand how living organisms function.,Biology
Understanding Electromagnetism gave me a better perspective on how the universe operates.,Physics
"Studying Thermodynamics was enlightening, as it touches on fundamental principles of nature.",Physics
"The principles in Physical Chemistry were difficult, but they explain a lot about chemical bonds.",Chemistry
Analytical Chemistry gave me the skills to analyze different chemical compounds.,Chemistry
I enjoyed Genetics because it made me understand how living organisms function.,Biology
"I found Physiology really engaging, especially when learning about ecosystems.",Biology
The topic of Microbiology is essential to understanding human and animal anatomy.,Biology
The topic of Nuclear Physics is a bit challenging but really rewarding once you understand it.,Physics
"The equations in Polymer Chemistry were challenging, but once I got them, they made sense.",Chemistry
Botany showed me how all living organisms are interconnected.,Biology
"The concepts in Nuclear Physics were tough at first, but it all makes sense after studying.",Physics
"I found Immunology really engaging, especially when learning about ecosystems.",Biology
"I found Optics difficult, but the experiments helped me understand it better.",Physics
"I found Evolution challenging, but it deepened my understanding of biological systems.",Biology
Understanding Optics gave me a better perspective on how the universe operates.,Physics
Biochemistry opened my eyes to how chemical reactions drive the physical world.,Chemistry
I enjoyed Quantum Mechanics because it connects theory with practical applications.,Physics
Quantum Mechanics helped me appreciate the laws governing energy and motion.,Physics
Zoology gave me insight into the basic building blocks of life.,Biology
Classical Mechanics is a core area of physics that ties into many other topics.,Physics
"The equations in Inorganic Chemistry were challenging, but once I got them, they made sense.",Chemistry
"Learning about Fluid Dynamics was fascinating, especially how it applies to real-world phenomena.",Physics
"The concepts in Acoustics were tough at first, but it all makes sense after studying.",Physics
"The principles in Inorganic Chemistry were difficult, but they explain a lot about chemical bonds.",Chemistry
Acoustics is a core area of physics that ties into many other topics.,Physics
"I found Botany challenging, but it deepened my understanding of biological systems.",Biology
Environmental Chemistry helped me understand the composition of matter and how it interacts.,Chemistry
The topic of Fluid Dynamics is a bit challenging but really rewarding once you understand it.,Physics
I enjoyed Anatomy because it made me understand how living organisms function.,Biology
Thermochemistry gave me the skills to analyze different chemical compounds.,Chemistry
The topic of Zoology is essential to understanding human and animal anatomy.,Biology
Physiology showed me how all living organisms are interconnected.,Biology
"Learning about Quantum Chemistry was rewarding, especially in terms of understanding molecules.",Chemistry
Microbiology helped me appreciate the diversity of life on Earth.,Biology
"The principles in Organic Chemistry were difficult, but they explain a lot about chemical bonds.",Chemistry
I found Inorganic Chemistry to be an intriguing subject that connects with many real-world applications.,Chemistry
Thermochemistry opened my eyes to how chemical reactions drive the physical world.,Chemistry
Understanding Relativity gave me a better perspective on how the universe operates.,Physics
"I found Evolution really engaging, especially when learning about ecosystems.",Biology
"Studying Polymer Chemistry was tough, but it provided me with a deeper understanding of chemical processes.",Chemistry
Polymer Chemistry opened my eyes to how chemical reactions drive the physical world.,Chemistry
I found Electrochemistry to be an intriguing subject that connects with many real-world applications.,Chemistry
Immunology helped me appreciate the diversity of life on Earth.,Biology
Physical Chemistry gave me the skills to analyze different chemical compounds.,Chemistry
"I found Relativity difficult, but the experiments helped me understand it better.",Physics
Zoology introduced me to the microscopic world that I never knew existed.,Biology
The study of Genetics made me curious about how the body defends itself against diseases.,Biology
Fluid Dynamics helped me appreciate the laws governing energy and motion.,Physics
The topic of Cell Biology is essential to understanding human and animal anatomy.,Biology
"Studying Nuclear Physics was enlightening, as it touches on fundamental principles of nature.",Physics
Physiology helped me appreciate the diversity of life on Earth.,Biology
"Studying Anatomy was eye-opening, especially in terms of evolutionary processes.",Biology
I enjoyed learning about Electrochemistry because it ties chemistry with biology.,Chemistry
The study of Evolution made me curious about how the body defends itself against diseases.,Biology
"I found Particle Physics difficult, but the experiments helped me understand it better.",Physics
"Studying Analytical Chemistry was tough, but it provided me with a deeper understanding of chemical processes.",Chemistry
"The equations in Thermochemistry were challenging, but once I got them, they made sense.",Chemistry
I find Quantum Mechanics really interesting because it explains how forces work in everyday life.,Physics
"Learning about Analytical Chemistry was rewarding, especially in terms of understanding molecules.",Chemistry
Quantum Chemistry helped me understand the composition of matter and how it interacts.,Chemistry
"The equations in Analytical Chemistry were challenging, but once I got them, they made sense.",Chemistry
"The principles in Polymer Chemistry were difficult, but they explain a lot about chemical bonds.",Chemistry
I enjoyed learning about Quantum Chemistry because it ties chemistry with biology.,Chemistry
Organic Chemistry opened my eyes to how chemical reactions drive the physical world.,Chemistry
"I found Anatomy really engaging, especially when learning about ecosystems.",Biology
"Learning about Physical Chemistry was rewarding, especially in terms of understanding molecules.",Chemistry
The study of Anatomy made me curious about how the body defends itself against diseases.,Biology
I enjoyed learning about Polymer Chemistry because it ties chemistry with biology.,Chemistry
I found Physical Chemistry to be an intriguing subject that connects with many real-world applications.,Chemistry
"I found Thermodynamics difficult, but the experiments helped me understand it better.",Physics
I found Analytical Chemistry to be an intriguing subject that connects with many real-world applications.,Chemistry
Evolution gave me insight into the basic building blocks of life.,Biology
Environmental Chemistry opened my eyes to how chemical reactions drive the physical world.,Chemistry
The topic of Relativity is a bit challenging but really rewarding once you understand it.,Physics
I find Particle Physics really interesting because it explains how forces work in everyday life.,Physics
I enjoyed Particle Physics because it connects theory with practical applications.,Physics
"Learning about Particle Physics was fascinating, especially how it applies to real-world phenomena.",Physics
Electrochemistry gave me the skills to analyze different chemical compounds.,Chemistry
The topic of Genetics is essential to understanding human and animal anatomy.,Biology
The reactions in Polymer Chemistry were challenging but made me think critically.,Chemistry
Evolution showed me how all living organisms are interconnected.,Biology
Genetics gave me insight into the basic building blocks of life.,Biology
Microbiology showed me how all living organisms are interconnected.,Biology
The reactions in Quantum Chemistry were challenging but made me think critically.,Chemistry
The topic of Optics is a bit challenging but really rewarding once you understand it.,Physics
Polymer Chemistry gave me the skills to analyze different chemical compounds.,Chemistry
"The concepts in Fluid Dynamics were tough at first, but it all makes sense after studying.",Physics
